33.974027,-118.249509,Amapola Market,Jack in the Box,Pizza Hut,Winchell's Donut House,Jet Food Stamp,Mother's Nutritional Center,Emy Burgers,Pupuseria Restaurant Mi Pueblo,Autan Jal,La Flor De Mayo,Dragon Wok
33.949099,-118.246737,
33.964131,-118.272783,Rodriguez Mini Market,La Mexicana Market,Delights By Lionel Catering
34.076198,-118.310722,Subway,Pipers Restaurant,Pho 2000 Restaurant,76,Mobil,Gon Ji Am Restaurant,Kabayo Cham Bada,Ja Jung Guh,LA Yimone,Balcony Coffee and Tea,Nak Won Rice Bakery,Mok Maru Jong,To Dam Gol,Liquor & Food Mart
34.059163,-118.306892,Oxford Palace Hotel & Galleria,Ralphs,Health Korea,Cafe Scent,Assi Health Center,Sizzler,World Franchising LLC,Cafe,Mr.Boba,Heyri Coffee House,Southland Beer,Keungama Restaurant,Hwal A Kwang Jang,Gook Hwa House,Andante,J's Cafe,Tete A Tete Cafe,Kaffee Haus,헤이리,Pochun Insam Farmer Asscdcn
34.048041,-118.294177,Dino's Chicken & Burgers,El Valle Oaxaqueno,Pico Mart & Discount,Las 7 Regiones,Guapos Market,Graciela's Restaurant,Restaurante El Mirador,restaurant pollo,West Pico Market,Restaurante Conchita,Koam Enterprise Inc,La Chiquita Market,Lupita's Bakery Inc,Velazquezdistribuidorafood
34.028129,-118.284829,Study hall
34.009552,-118.346724,
34.007090,-118.258681,K Meat Inc,Prince Ice,Haely Water Store
34.045405,-118.240454,Honda Ya Japanese Restaurant,Manna Korean BBQ,Cherry on Top,Sushi Go 55,The Escondite,Shojin,XLanes LA,Beard Papa's Sweets Cafe,Niitakaya USA Inc,Little Tokyo Market Place,Umeya Rice Cake Co,Tsurumaru Udon Honpo,Mikawaya,Pho Shop,Myeong Park Je,Bliss Bakery,Tokyo Sakura & Noodles,Hana Ichimonme Restaurant,L A Star Seafood Co Inc,Executive Lunch To Go
34.043146,-118.251746,Pizza Hut,Terroni,Tierra Mia Coffee,Subway,Peking Tavern,Papi's Pizzeria,Chair Cover Express,Taco Mundo,Bronzed Aussie,Juice Crafters - Fashion District,Infusion Cafe,Doreen's Tropical Fruit,Braazo Pizza,BrunchDTLA,The Panini Stop,Jerry's Mexican Grlll,Santee Court Market Inc,Tasty Bites Of Los Angeles's,CVS Store,Hello Snack
34.028331,-118.354338,
34.052913,-118.264340,Kachi Deli Cafe,Rene Cafe,Starbucks,Wien-Vero LLC,Taqueria El Torito,Taste Bistro Cafe,Seasons Cafe,Green Life Market,Sucre Parisian Ice Cream And Bakeshop,Plan Check,Kachi Deli Cafe & Grill,The Starving Actor,Express Deli,Kabob Express,Subway,Cafe Wilshire,Souk Shawarma,Togo's Sandwiches,Mitaki,웨스턴에 있는 징기스칸식당
34.028887,-118.317183,
34.049841,-118.338460,Panda Express,Starbucks,California Community Center for Acupuncture,Jersey Mike's Subs,Jinmi Catering
34.066379,-118.309870,Boba Bear,Heung Rae Gak,Carl's Jr.,Redsoup,Ombu Grill,ANKO,Q Restaurant,Life Medical Equipment & Supplies,Han Bat Shul Lung Tang,Jangchung-Dong Wong Jokbal,Feng Mao 2,PHOever YUM,Pho Western Restaurant,Chang Young Food Inc,Kum B Park Law Office,K-Pop Chicken,Sake Tori,丰茂烧烤,牛骨汤,Mat Goeul
34.022502,-118.199613,Alpenas Produce,GMP Vitamins.com,California Ranch Produce,Eventtents
34.065723,-118.434969,
34.045421,-118.445873,Plan Check Kitchen + Bar,Bar Hayama,Market Cafe at Westwood Gateway -,Rex Bakery
34.127194,-118.295647,
34.099912,-118.326912,Trader Joe's,Katsuya Hollywood,Hollywood Farmers’ Market,The Hungry Cat,Wood & Vine,The Living Room,Big Wangs,Delphine,Very Different Cakes,Jersey Mike's Subs,Station Hollywood,Dos Burritos,Feast Kitchen & Grill,Starbucks,House of Macau,Kabuki Japanese Restaurants,Sugar Mamas Cupcakes,Walgreens,D Ice,Some Like It Hot Catering
34.085784,-118.206666,
34.030578,-118.399613,Sushi Zo,Vons,Papa John's Pizza,Starbucks,Taco Plus Restaurant,Subway,K & A Canton Restaurant,LetterPress Chocolate,LetterPress Chocolate
34.070410,-118.350411,KFC,The Coffee Bean & Tea Leaf,Fiddler's Bistro,Atticus Creamery + Pies
34.088475,-118.325527,Cactus Tacos #1,7-Eleven,El Rancho Super Market,Farmboy Kitchen
34.111885,-118.261033,
33.994523,-118.149952,ASR Food Distributors Inc,Sweet Jimmy's Foods,Cedarlane Foods,Union Ice Warehouse
34.114708,-118.192098,
33.988505,-118.336358,Chevron,7-Eleven,Popular Donuts,Chicago Wing & Fish,Pizza 7
33.952725,-118.291904,FabuCakes-N-More,Real Vida Products,La Casa Honduras Restaurant,Los Perritos Mini Market,Jose's Water Mini Market,Magic Dreams Banquet Hall,Lily's Mini Market,Acosta Market
34.107810,-118.362247,
33.953617,-118.308428,Dollar Tree,Mr V's Philly Cheesesteak & Burritos,Los Compadres,Family Market
34.072924,-118.372710,Son of a Gun,The Churchill,Magnolia Bakery,Joan’s on Third,The Izaka-Ya,Goldie's,Goal,Berri's Cafe on Third,Gusto,D'Amore's Pizza,Mama's Secret Bakery & Cafe,Juice Served Here - West Hollywood,Cafe MangoSix,Kreation Organic Kafe,Mainland Poke Shop,COD Seafood & Raw Bar
34.061735,-118.276757,Guatelinda,Pollo Master
34.002844,-118.216400,CCP Poultry & Meat Inc,Southland Meat Co -,InterSource West,Ferraro Wholesale Meats,Pacific Pork Products,Continental Meat Distributors
34.003638,-118.308806,Louisiana Fried Chicken,Chevron,Toyin Mini Market,Master Burger,Danny's Minimart,معرض السيارات,La Tropical American Cuisine,Marilyn's Restaurant,All You Need Party Supply
34.045105,-118.185914,Ramirez's Meat Market
34.037251,-118.423573,Savore
34.112272,-118.225496,
34.002028,-118.430656,
34.093828,-118.381697,
34.054534,-118.457025,
34.040587,-118.255404,Fashion Bistro,Mini B Showroom,Engle's Showroom,Andm Los Angeles,DAHO INTERNATIONAL DBA FILOFI,Avec Toi,New Moon Restaurant,Trimana,L'Express Presto,Candy Store Showroom Inc,Tacomole,Bakery Nosh,Juicy N Spicy,Mart Cafe,Pattern Bar,Pressed Juicery,WoodSpoon,Downtown Kabob,Good Grill Express,Snack Town
34.020221,-118.286035,Lemonade,Moreton Fig,California Pizza Kitchen,Panda Express,Coffee Bean and Tea Leaf,The Habit Burger Grill,Traditions,Seeds Marketplace,Nektar
33.975414,-118.416990,Takeout Kit,SOL Mexican Cocina | Playa Vista,Panini cafe,Playa Vista Farmers Market,Starbucks,N'ice Cream,Hopdoddy Burger Bar - Playa Vista,Whole Foods Market,ROC Playa Vista,Farmers market,LYFE Kitchen | Playa Vista
34.064958,-118.382979,Summer Fish & Rice Sushi,Summer Fish & Rice,Marchello's Pizza,Asakuma Sushi Delivery,In Italy Online,Cafe Flore
34.062210,-118.401966,Wine Consigners Inc,Avielle Productions,Rodeo Catering & Events Inc,Leone Papa Food Enterprises
33.885624,-118.205918,Champion Mart,Super Lucky Chinese Food,express pizza,Pollos Asados,Durango,Pupusas Salvadorenas
33.912246,-118.236773,
33.997862,-118.393617,Rite Aid Pharmacy,Pavilions,Starbucks,Panda Express,Jamba Juice,Panera Bread
34.019323,-118.391902,
33.940445,-118.129022,Iowa Meat Sales
33.921793,-118.140588,
33.917140,-118.404267,Rob Rubens Distilling and Brewing,Drago Air Catering
33.890853,-118.297967,Vons,Walgreens,Starbucks,L & L Hawaiian Barbecue,Togo's,Jamba Juice,Flame Broiler,Chicos,Rite Aid Pharmacy,Rainbow Donuts
33.979248,-118.217438,Lucky Snack Shop
33.888560,-118.351813,Annapurna Indian Restaurant,Papa John's Pizza,Saigon Dish,Inca Gourmet,McDonald's,Spires Restaurant,Saigon Market,Pacific Rim,CVS Store,INCA FOOD IMPORTER,Cicitos Bakery,Urbebe,Viena Pho House Restaurant,Cosmic Fist
33.923533,-118.200705,
34.039034,-118.707992,Jamba Juice
34.066117,-118.846342,
33.987729,-118.186597,King Taco # 12,El Pollo Loco,Little Caesars Pizza,Food 4 Less,Subway,Yoshinoya Beef Bowl Restaurant,Ohana Hawaiian Barbecue,7-Eleven,Grace To Go,Yum Yum Donuts,Azucena's Tacos,Paradise Pizza,Ohana BBQ,McDonald's,Chegordos House,Denny's,Terraza Tequila Family Restaurant,Wateria,2000 HNC Inc,La Costa Del Sol
34.087460,-118.544232,
33.780065,-118.372454,Palos Verdes Farmers Market
33.753155,-118.367963,
33.976582,-118.455222,
33.939766,-118.331085,
33.937886,-118.358559,
33.958890,-118.330548,Oasis Prime Rib & Seafood,Lavender Blue
34.013666,-118.493750,Sonoma Wine Garden,True Food Kitchen,Blue Stove,Tutti Frutti Frozen Yogurt,Pinches Tacos,Jinky's Cafe Santa Monica,Charlie Kabob,Mon Roll House Sushi,Thai Dishes on Broadway,GNC,Pinkberry,Interactive Cafe,THE Curious PALATE,Ugo Cafe,Sarku Japan,McDonald's,Malibu J's,The Craftsman Bar and Kitchen,CrepeMaker - Santa Monica,Johnny Rockets
34.034666,-118.504039,
34.030755,-118.492101,
34.011312,-118.469762,Branding Farm,Slice,Merrihew's Sunset Gardens,Cafofis
33.833181,-118.292062,Fatburger,Tacos El Gallito,C & C Donuts,Los Altos Meat Market
33.807882,-118.347957,Herk Edwards Inc,Kopykake
33.884696,-118.329998,Common Grounds,Campus Deli
34.007840,-118.030271,Sparkletts Water,Raw Organic and More,Unique Catering,Keeling Group Inc
33.977272,-118.066363,
33.818477,-118.038307,Subway,Pho So 9,Cypress Plaza,Dairy Queen Ltd Brazier,Dominic's,99 Cents Only Stores,Kimmie's Coffee Cup,Bruster's Real Ice Cream,A-1 Tobacco,Dining Around Towne & Tastey,In A Nutshell Catering
33.906956,-118.082640,
33.989524,-118.089299,
33.867600,-118.080612,The India Restaurant,Lee's Sandwiches,Wedding Store 24,Boiling Point,Dolphin Bay,Bangkok Blvd Restaurant
33.887821,-118.127250,Panda Express,Ralphs,Eddie's Mini Market
33.799904,-118.298661,
33.849034,-118.147902,
33.830482,-118.073451,Little Caesars Pizza,99 Cents Only Stores,Wienerschnitzel,Popeyes® Louisiana Kitchen,Jack in the Box,Subway,Coco's Bionicos,Starbucks,Pollo Inka Express,Pho May,Miyako Chinese Cuisine,East Buffet,Lee's Sandwiches,Sushi Forest,Durango Market,Tacos Sahuayo,Wingstop
33.793809,-118.317170,
33.795012,-118.062692,
33.731442,-118.278869,Utro's
33.742120,-118.312878,
33.758405,-118.075043,
33.779284,-118.261723,Rite Aid Pharmacy,El Super,Tommy's Burgers,Shamrock Seafoods Inc,Subway,Yoshinoya,Mommy's Nutritional Center,China Wok Express,El Pollo Lico Restaurant,Silas Mexican Food Products,Tutti Frutti,Louie's Chinese Cuisine Restaurant,Dulceria Candy Land,Granny's Goodies
33.859171,-118.252272,
33.864617,-118.180567,
33.823943,-118.111335,For Cake Sake
33.819814,-118.222416,
33.782259,-118.196793,Subway,China Road Chinese Fast Food,Chevron,El Ahorro Store,La Bodega Mexicana 8,Cafecito Salvadoreno,Sam's Market,Long Beach Bionicos,Corner Of KFC
33.768334,-118.201636,Jersey Mike's Subs,Kelly's Coffee & Fudge,Ascari Ristorante
34.194489,-118.138263,
34.136258,-118.026704,Boiling Point,Bento-ya,Spices Thai Kitchen,ABJ Water,Thoroughbred Corporation
34.141586,-117.957627,Pizza Co,Subway,Tacos Ensenada,Homemade Donut
34.211341,-118.230652,
34.168771,-118.050216,
34.108957,-118.156615,
34.169538,-118.164941,
34.165356,-118.123751,
34.155533,-118.086178,
34.136580,-118.245839,Agvanian Hunan
34.185666,-118.239494,
34.123286,-118.758541,
34.198292,-118.600913,Concepts In Candy,Mosh-e-Juice
34.209532,-118.577563,
34.200834,-118.664900,
34.368110,-118.489038,
34.238208,-118.550290,Island Plumeria
34.247532,-118.526076,Matador Mercado
34.255442,-118.421314,
34.326584,-118.382261,
34.294615,-118.507001,Siemen Tools
34.230854,-118.365856,Papa John's Pizza,Quiznos,Sunland Produce,Mediterranean Kitchen,Daniel's Tacos,Cardtronics ATM,Grocery Outlet Bargain Market,Dollar Tree,Carl's Jr. Green Burrito,Bud's Donut Shop,Frozen Flavors Yogurteria
34.212805,-118.882179,
34.177311,-118.615704,
34.184975,-118.766918,
34.506627,-118.699048,
34.545587,-118.420095,
34.147149,-118.463365,
34.178522,-118.459234,Eva Greek Desserts for your event.,Little Siam Thai Cuisine
34.149588,-118.489708,Voyager Health A Independent
34.176817,-118.309323,Black Angus Steakhouse
34.169706,-118.323548,Saraya Thai Cuisine
34.169200,-118.372498,AAA Portable Restroom Co. Inc.
34.140822,-118.392864,
34.207341,-118.400973,Mi Pueblo
34.165783,-118.399795,
34.097410,-117.968269,
33.963723,-117.738596,
34.097345,-117.906736,McDonald's,Jack in the Box,Herbalife,Alberto's Mexican Food,Manny's El Loco
34.073420,-118.015345,
34.152583,-117.577707,
34.044416,-117.985366,Tak Shing Hong Inc-Nelson
33.996484,-117.531269,
34.059410,-117.674011,
34.072329,-117.698315,Mr. Pete's Party Rental
33.986270,-117.821282,
34.042286,-117.756106,
34.083086,-117.737997,
34.063516,-117.790379,
34.074736,-118.145959,
32.619459,-116.985820,
32.608865,-116.719660,
32.846363,-116.557729,Guatay Mountain Nursery
32.777999,-117.021511,All Pro Cleaning Agency,Continental Catering Inc,Kenneth Day Weddings
33.142077,-116.106046,
33.095470,-117.243882,
32.963199,-117.250309,
32.776012,-116.880634,
32.838798,-116.869956,
33.131156,-116.976997,
33.390477,-117.209427,
32.856347,-117.250058,
33.376467,-117.066121,
32.983606,-117.019035,
33.053006,-116.850651,
33.219365,-116.535247,
32.997248,-117.260580,Sprouts Farmers Market
33.117154,-117.180627,
33.253548,-117.003366,
33.197840,-117.248203,Chili's Grill & Bar,Tolin's Tacos,Jose's Party Supplies
33.219935,-117.202606,
33.323221,-116.665930,
32.724103,-117.170912,Waterfront Bar & Grill,Underbelly,Monello,Bencotto,Christian Arthur Design,Cafe Gratitude,Devil's Dozen Donut Shop,The Cheese Store of San Diego,RoVino Rotisserie + Wine,Kettner Exchange
32.747415,-117.166883,
32.794714,-117.071764,
32.899592,-117.201203,Lunch Bunch Cafe,Crest Seafood Distributors
32.908449,-117.141380,
33.011833,-117.132686,
32.999818,-117.071808,
32.713608,-117.172089,Fantail Cafe,Starbucks Coffee
32.697543,-117.192775,
32.739496,-117.197401,
32.557022,-117.006214,
33.753959,-116.246487,
32.785826,-114.545506,
32.990121,-115.358757,
33.910412,-116.765723,
33.951540,-116.520104,
32.770197,-115.598590,
32.777241,-115.127641,
34.168333,-116.288431,
32.737705,-115.932200,
33.345027,-114.915942,
34.273755,-114.196525,
32.817225,-115.700076,
33.822330,-116.364238,
34.340222,-116.540435,
34.980294,-116.964449,
34.031011,-117.312929,
34.261092,-116.809496,
34.232796,-116.902863,
34.059306,-117.390768,
34.863585,-116.862059,
34.049809,-117.470613,
34.093661,-116.936222,
34.391145,-117.405722,
35.340420,-115.426224,
34.650629,-117.321326,
34.067146,-117.171885,
34.214740,-117.192326,
34.237898,-117.234788,The Grill At Antler's Inn,Mountain High Market
34.480247,-117.408184,
34.501472,-117.292048,
34.374009,-117.628429,
34.032301,-117.010574,
34.083458,-117.270016,
33.936193,-117.493881,
33.649528,-117.376774,
33.692673,-117.302957,
33.923381,-117.244837,
33.972160,-117.258409,
33.810743,-117.105415,
33.665848,-117.049660,
33.690715,-117.789224,Imagine Beyond,Greenhouse Carpet Steamshampoo
33.658440,-117.826009,
33.467371,-117.613509,
33.734005,-117.819163,
33.837960,-117.870494,Rio Vista Inn,Del Taco,Carl's Jr. Green Burrito,ARCO,Taqueria Escalante,Rose Donut Shop,Italian Pizza Rosa,Ochoa's Chorizo 2,Hot Rod Delivery,ampm
33.928179,-117.809285,
33.868649,-117.929055,Bootlegger’s Brewery Tasting Room,Orange County Land Management,Feliz Market
33.787165,-117.931889,Froozberry Foods,Besto
33.925519,-117.551958,
33.748086,-117.468037,
34.283668,-119.223196,Food Affairs by Stacey
34.404104,-118.897776,
34.418979,-119.709166,Jolly Brothers Catering
35.437302,-119.477735,
35.860883,-119.036140,
36.292230,-119.622676,
35.254701,-118.912678,Angelica's Bakery,Mariscos Las Islitas,Root Beer King,La Mexicana Bakery
35.162393,-119.425116,
35.621087,-118.789677,
35.192404,-119.175866,
35.044396,-120.620199,
35.652911,-120.266428,
35.413944,-117.764333,
37.043434,-120.033693,
36.960108,-120.648060,Yonkers & Johnson
36.955940,-119.335294,
36.722714,-121.633649,
36.686845,-121.786887,
36.574690,-121.840854,
37.799367,-122.398407,The Waterfront Restaurant & Cafe,Coqueta,Grumpy's Restaurant & Pub,Platense Wines,Off The Grid Vallejo & Front,Seismic Joint,Fora Think Space,Jade Garden Chinese Restaurant
37.758057,-122.435410,Buffalo Whole Food & Grain Co,Castro Village Wine Co,Anchor Oyster Bar,Spike's Coffees & Tea,Harvey Milk Civil Rights Academy,Add Thyme,Swirl On Castro,Reliance Market,Thaihouse Express Restaurant
37.745916,-122.441472,
37.415727,-122.130762,L&L Hawaiian Barbecue,Happy Donuts,Ernie's Liquor,Papa John's Pizza,Starbucks,The Ace of Sandwiches,Jamba Juice,Chevron Palo Alto,Siam Fine Thai Cuisine,Papa Murphy's Take 'N' Bake Pizza
37.555999,-122.267679,
37.996501,-121.812301,
37.714509,-122.079542,
37.994038,-122.282589,
38.032793,-122.252211,
38.458864,-122.428831,
37.603155,-122.018638,Mission View Food & Liquor
37.918191,-122.071665,
38.409878,-122.361511,Twin Peaks Winery Inc
37.865183,-122.238209,
37.902944,-122.261795,
37.959549,-122.283578,J & A Market,Vegan N' Chicken
37.943087,-122.723790,
38.012697,-122.639598,
38.072109,-120.631346,
37.737191,-121.433384,
39.199469,-123.702253,
41.241807,-123.913425,
38.680605,-120.814261,
38.568866,-122.079781,
39.266469,-121.978604,
39.584807,-122.032297,
40.781633,-122.584149,
40.045637,-122.184859,
41.268682,-121.930940,
39.825228,-120.477053,
38.620964,-119.505184,
39.198047,-120.237787,PlumpJack Squaw Valley Inn,PlumpJack Cafe
38.869825,-120.008594,
34.062148,-118.315889,Park's Nutrients,Arado Japanese Restaurant,Kuishimbo Restaurant,Cafe Americano,7-Eleven,A Cafe,World Consortium of Co China,Sooraksan Soojebi,샤브야,Shabuya,Tahoe BBQ
34.065975,-118.238642,Phoenix Bakery,Hop Louie,Fullhouse Seafood,Foo-Chow Restaurant,Plum Tree Inn,Master Chef Restaurant,Lollicup,New Dragon Seafood Resturant,Golden City Restaurant,Wonder Bakery,K G Louie Co,Grand Star Restaurant,Burgerlords,Jade Wok,Hong Sang Lung Co,Ling's Market,Blossom Vietnamese Restaurant,Kim Hung Bakery,Golden Lake Eatery,Imperial Tofu
34.039378,-118.266300,Notrica Morrie,Brock's Produce Services,Jhy Food Inc,N B Restaurant Karaoke,Joe's La Market & Deli,4 of DaKiNe Food Truck
34.029036,-118.237870,Sam's Hofbrau,Market Place Restaurant,Best Fresh Produce,Yoshinoya,Coco Rico Produce Inc.,Villegas Produce,Gibor Produce,North King Produce Inc,Vera Brothers Produce Warehouse,Birria LA,Seafood,TNT Produce,Tara Produce,El Cocho Produce,Abundiz Produce,Santiago Produce,Alvarez Sales,C V Fruit Inc,Gnm Produce,Premier Fresh
34.089848,-118.294661,Guatemalteca Bakery,Tres Amigos Restaurant,Kavar Catering,Arax Bakery,European Baking Co Inc,Junior Supermarket,Michell's Donuts,La Bonita Restaurant,Panaderia Salvadorena,Jaqueline Drinking Water,Sedrak's Produce,Club De Nutricion Los Chamos,Breadland Bakery Inc,Nutriclub Los Chamos
34.050380,-118.211991,Shakey's,El Pollo Loco,Classic Fare,Tacos El 5,El Tapatio Resturant
34.051809,-118.383674,A Food Affair,Trattoria Bella Roma,Le Petit Jardin,Abc,Viola's Gourmet Goodies,Olivia's Dollhouse Tea Room,A Little Something Extra
34.002719,-118.287487,7-Eleven,Eric's Burgers,Central Latino Market,Vernon Mini-Market,HVM Liquor/Market,Sugar Doughnuts
33.988047,-118.370361,
34.057597,-118.413998,Sen Asian Kitchen,Habanero Grill,Craft Los Angeles,Hinoki & the Bird,The Coffee Bean & Tea Leaf,Piknic- Century City,Cuvée,Starbucks,The Stand,Trimana Restaurant,City Express,C2 Cafe & Kitchen,Tradition Foods,Mickey Fine At Century Towers,21 West,Mickey Fine Pharmacy & Snack Shop,Sundry Shop
34.129772,-118.330989,
34.108023,-118.456964,
34.071200,-118.443523,Rubio's Coastal Grill,Panda Express,Kerckhoff Coffee House,Jamba Juice,Carl's Jr.,Tsunami,Greenhouse,Sbarro,Wolfgang Puck Express,Kikka-sushi
33.970343,-118.171368,
34.100517,-118.414712,
33.955729,-118.118346,
33.878432,-118.284104,Gardena Nursery & Landscape Maintenance,Taco's Antojito
33.864259,-118.399303,Gum Tree Shop & Cafe,Fritto Misto,Underground Pub & Grill,Union Cattle Co,Pedone's Pizza & Italian Food,The Rockefeller,Abigaile,Java Man,Chef Melba's Bistro,CEDAR Mediterranean Grill,Uncorked The Wine Shop,Starbucks,Beach Market,Paradis Ice Cream Hermosa Beach,Dia De Campo,Hermosa Restaurant Group LLC,Brat & Bräu,The Brewery At Abigaile,The Standing Room,Paradise Bowls
33.889151,-118.402127,
33.830006,-118.387124,Thai Dishes Restaurant
33.993396,-118.465193,
33.947305,-118.439841,
33.956526,-118.358654,
33.975332,-118.355252,Ralphs
34.026608,-118.473643,Ralphs,Starbucks,Hole In the Wall Burger Joint,Renovo,Mondo Taco,Starbucks,M.T. Lazansky & Associates,Flatbush & J,Rick's Cafe,Baleboste Caterers
33.833744,-118.314022,Keegan's Sports Lounge & Grill,Old Torrance Coffee & Tea,La Capilla Mexican Restaurant,By Brazil,The Crest,Brasil Mania,Ichimiann,Foster's Freeze,Restoration Kitchen & Wine,Lucio's Restaurant,Kozan Japanese Restaurant,Cabrillo Mart,Cafe Roma
33.840398,-118.353715,All Indian Sweets & Snacks,Domino's Pizza,I-NABA Japanese Restaurant,Izakaya Ojiya Japanese Cuisine,Jump to the Max,7-Eleven,Sushi Boy,Golden Camel Mongolian Bar-B-Q,Ko-Ryu Ramen Grill,Taiwanese Cuisine
33.867257,-118.330794,Sugardrop Cakes & Confections,Viridian Inc
33.972782,-118.022066,Marathon European Foods
33.845223,-118.015292,
33.874224,-117.993368,
33.850616,-118.039565,
33.942708,-117.952483,
33.902045,-118.008961,
34.015444,-118.111012,
33.867743,-118.069472,
33.847989,-118.112601,
33.841027,-118.079141,
33.898883,-118.166629,
33.716666,-118.076906,
33.726516,-118.090327,
33.862900,-118.251318,
33.745762,-118.208042,
33.756289,-118.130636,
33.781686,-118.148365,May's Thai Kitchen,Cañadas Grill,Nile Cafe - Hookah Lounge & Mediterranean Restaurant
33.827740,-118.174820,California Heights Market
33.771616,-118.143631,Viento Y Agua,Egg Heaven Cafe,Restaurant On the Run
33.794348,-118.116391,
33.778436,-118.118648,
34.222119,-118.205306,
34.261962,-118.336078,
34.322618,-118.237570,
34.211452,-118.241036,Chevron,Simply Produce,El Sol Mexican Restaurant,Yaki's Original Teriyaki Bowl
34.146671,-118.139455,Technique Restaurant- Los Angeles,Urth Caffé,Tender Greens,Bollywood Masala,Ginger And Spice Noodle & Grill,Bleu Ribbon Kitchen,Terrace Sushi,Edible Arrangements,Simply Gourmet,Rotisserie Chicken of California,Unipharm Ingredients Inc.,The Refectory,The Side Door
34.139402,-118.128658,
34.168366,-118.267771,
34.136194,-118.260934,Kenneth Village Meat Market,Celebration Etc
34.181293,-118.260277,
34.236302,-118.249185,
34.224196,-118.632394,
34.237519,-118.517712,
34.281486,-118.556005,
34.200175,-118.540958,Vinh Loi Tofu,McDonald's,BP FAMILY FOUNDATION .ORG,Carl's Jr.,Cast N Crew Motion Picture,Mexican & Salvadorean Restaurant,Multi Business Corporation
34.286687,-118.435080,Helados POPS Ice Cream,El Abuelo Restaurant,Los Compadres,Los Poblanos Taqueria & Birrieria
34.237912,-118.482306,Springcreek Farms
34.265879,-118.456748,Party Like A RockStar,King Produce,Quick Produce
34.440891,-118.501747,
34.439855,-118.644401,
34.136077,-118.888919,
34.193326,-118.818684,
34.154040,-118.593153,Cappuccino Club,Red Leopard Tea Co
34.402509,-118.363427,
34.178483,-118.431791,Barone's,Subway,Sweet Bakery Grocery & Kabob Factory,Rigos Taco 2,Royal Pizza,Sweets Bakery,MMG Party Suplies / Party Rental,7-Eleven,Chevron,German Restaurant in Fast Times,Smoke It BBQ & Catering
34.199824,-118.447609,Boston Market,Pizza Hut,Denny's,Sizzler,Paraiso Kebab,Walgreens,McDonald's,Ayce Gogi,TACOS MEXICO,Chit Chat Restaurant Cafe Lounge,Big Mama's & Papa's Pizzeria,Yum Yum Donuts,Birrieria Lupita 2,Las Vegas Banquet Hall,The Natural Mixologist,Family Market
34.148617,-118.433298,Sweet Butter Kitchen,Vitello's Express,Superior Health Products,Garden Cafe,Te'Kila,Yams Catering,Wild Wings - Your Backyard Nature Store,Kaiju Sushi,China Arts International
34.204568,-118.326365,
34.173885,-118.346937,
34.137564,-117.599945,
33.952902,-117.639325,
34.004468,-117.684697,Tummy Stuffer,Quality Grain Co Inc
34.128066,-117.714773,
34.100970,-117.578820,
34.046243,-118.053748,A-Sha Dry Noodle USA
34.156529,-117.841605,
34.180010,-117.773939,
34.052922,-118.143465,
34.050965,-118.114394,
34.263636,-117.699470,
34.102077,-118.057754,Dumpling's House
34.141146,-117.655583,
34.105282,-117.662035,Mora Restaurant,Sparkletts Water,Matol Botanical International Ltd
34.018195,-117.854821,
34.066964,-117.937007,
34.061624,-117.892235,
34.022581,-117.902359,
34.090728,-118.127527,Court House Snack Bar
32.808563,-116.710076,
32.665762,-117.018657,
32.637868,-117.058031,
32.608185,-117.054512,
32.674004,-116.943932,
32.623185,-116.949053,
32.721919,-116.788204,
32.733168,-117.034176,Coops West Texas BBQ,Da Chicken Coop - Fried Chicken & Waffles
32.588866,-116.619172,
33.285274,-117.197777,
33.023250,-117.274923,Joe and Ava's
33.158500,-117.277163,
33.107582,-117.292182,
33.102005,-117.080419,
33.195534,-117.354538,Red Rooster,Wienerschnitzel,Dani P's Cork & Tap,Alberto's Mexican Food,Taco Bell,AMPM,Agri-Chemical & Supply Inc,ARCO,Mr Donuts,Fire Mountain Market,Kyoto's Japanese Market,La Familia Market,Giant K Market
33.298504,-116.924783,
33.170775,-117.158676,
33.147090,-116.717453,
32.852358,-116.987842,
33.164374,-117.240270,
32.737827,-117.092673,Nate's Garden Grill
32.786772,-117.234207,
32.765244,-117.200391,Artisan Cuisine Personal Chef and Catering Service,Barrios Distributing,Rubicon Catering Kitchen,Tuna Ville Investments
32.806476,-117.168879,
32.707756,-117.055095,
32.764971,-117.123145,Bine & Vine Bottle Shop,Bartenders Pimp,Dark Horse Coffee Roasters,Viva Pops,DAO Fu,Sodalirious,Tao Restaurant
32.806794,-117.134930,
32.966920,-117.126158,
32.724223,-117.146587,
32.679888,-117.048890,
32.724880,-117.219962,Maritech Ocean Ranching
33.710984,-116.204844,Martha's Village & Kitchen,Fortun Foods Inc
33.765401,-116.334205,
33.948255,-116.987839,
32.687552,-115.541028,
33.818256,-116.466743,AMPM
33.686145,-116.172918,
33.762149,-115.466100,
32.725583,-115.472680,
33.641767,-116.273943,
33.292095,-115.844166,
33.051757,-115.608752,
34.185894,-116.432416,
34.585234,-117.453724,
34.141671,-116.817981,
35.332155,-116.038586,
33.990372,-117.052255,
34.253816,-117.150891,
34.254361,-117.326453,
34.024520,-117.289255,
34.243482,-117.281304,Crestline Cafe,Stockade,Rim Bowling & Entertainment Center,Subway,Lake Gregory Trading Co. and Pawn
34.270601,-116.949309,
34.782699,-116.190564,
34.957406,-117.219606,
34.259971,-117.199381,
34.051177,-117.248563,
34.083016,-117.073317,
34.894366,-114.640335,
34.447894,-117.623946,
34.011953,-117.159699,
34.157763,-117.405966,
34.226083,-117.225931,
34.177083,-117.254763,
34.144618,-117.301301,
34.212433,-117.381239,
34.107379,-117.297547,99 Cents Only Stores,Pizza Party,Veggie Life Fitness,Taqueria El Sol,El rey restaurant,BBQ FRESH BURGERS
33.934335,-117.367319,
33.667301,-116.963506,
33.768539,-116.753396,
33.580016,-117.147360,
33.787292,-117.320673,
33.795196,-116.932856,
33.482811,-117.226126,
33.511228,-117.042396,
33.617844,-117.259304,
33.754048,-117.752273,
33.696122,-117.675940,
33.642512,-117.841688,University Club at Irvine,Java City
33.475120,-117.705675,
33.612925,-117.731443,19 – Restaurant & Lounge
33.725240,-118.051579,
33.595088,-117.829038,
33.634626,-117.874882,
33.606695,-117.604360,
33.611945,-117.665867,
33.606497,-117.643112,
33.709935,-117.870431,Horizon Distributors,Horizon Distributors,Frank's Market Warehouse
33.844983,-117.952151,
33.830457,-117.905941,Balaji Foods LLC
33.879768,-117.896340,
33.786846,-117.982020,Dos Amigos Restaurant
33.826393,-117.851307,
33.788145,-117.876550,Subway,Wienerschnitzel,Flame Broiler,Cardtronics ATM,Cao's Kitchen Asian Bistro,Del Taco,tnt bounce party rental,Sandra's Energy,Jax Donuts
33.882614,-117.528204,Pacifica Foods LLC,Unique Weddings and Flowers
33.885514,-117.730164,
34.037340,-119.800786,
34.530199,-119.310133,
34.258405,-118.775026,
34.438773,-119.678841,
34.479453,-120.084094,
35.856859,-119.507526,
35.779507,-119.200825,
35.403611,-118.756525,
36.304539,-119.204896,La Cathedral Guadalajara
36.047190,-119.990217,
35.617546,-118.452285,
34.772700,-118.791975,
36.488656,-118.998043,
36.292270,-119.829463,
35.621706,-119.887939,
35.665082,-119.197958,
34.710034,-119.243808,
34.966867,-119.810433,
35.492805,-119.286861,
36.245404,-118.693313,
36.145394,-119.867288,
36.301334,-119.372586,
36.391777,-119.372842,
36.375590,-119.211689,
35.389749,-118.985186,Jefferson Market,Acapulco Meat Market
35.163190,-119.046322,
35.295232,-120.835468,
35.185911,-120.731793,
34.610436,-120.219523,
35.037198,-120.504593,
37.891866,-118.554569,Food & Agriculture Department,Coyote Springs Ranch
35.002282,-117.629941,
35.371604,-117.643321,
37.815507,-119.095647,
35.221906,-118.582566,
34.495537,-117.756645,
37.028835,-119.316654,
36.622507,-118.957187,
36.526597,-119.864103,
36.814864,-119.710596,
36.822163,-118.649328,
37.224696,-119.470738,
36.536573,-119.638651,
36.724723,-119.192779,
36.739194,-119.753933,
36.862209,-119.760793,
36.799361,-119.874794,
36.793477,-119.956818,
36.448672,-121.849502,
37.688826,-122.408935,Pitco Foods,Wismettac Asian Foods,Pacific Gourmet,Nishimoto Trading Co Ltd,Lozier,Pittsburg Wholesale Grocery,A C Calderoni
37.526902,-122.512164,El Gran Amigo Taqueria,Coastside Market
37.388520,-122.075726,
37.413691,-122.295343,
37.791409,-122.402130,Credo,Ramen Underground,Per Diem,Rickhouse,Brindisi Cucina Di Mare,Plouf,Walgreens,Sam's Grill & Seafood Restaurant,Cafe Bastille,Cafe Venue Montgomery,B44 Catalan Bistro,Caffe Bianco,Mixt,Cafe Tiramisu,Cafe Venue,See's Candies Chocolate Shops,Ladle & Leaf,Belden Taverna,L & L Hawaiian Barbecue,La Fusion
37.789864,-122.393665,Town Hall Restaurant,Tokyo Express,Subway,Subway,Sushi Fantastic,Rotee Express,Cafe Venue,Starbucks,Sweet Joanna's Cafe,Howard Street Coffee Roastery,Prima Cafe,HEYDAY - Organic Cafe and Bakery,Fayala,Russell's Convenience,Lee's Deli,Feed,Bar assoc,Forklift Brands Inc,DouxVin Wine Strategies,Philz Coffee
37.750021,-122.415201,Sweets Collection,MAITE CATERING & EVENTS,Bini's Kitchen,Purple Hibiscus,My Corner Cafe,R Image Market
37.720375,-122.442950,
37.780097,-122.462605,Genki Ramen,Ireland's 32,Brother's Restaurant,Green Island Restaurant,Burger King,KFC,Taco Bell,Camp BBQ,Dancing Bull Korean BBQ Restaurant,Bella Pizza,Five Happiness,4th Ave. & Geary Farmers Market,test 4,Cafe Coco,Jade Chocolates
37.457880,-122.115158,
37.950362,-122.022039,
37.921561,-122.298337,
37.974295,-121.651441,
37.897009,-122.114292,
37.548205,-122.098677,
38.245724,-122.313405,Etude Wines
37.648104,-121.849965,
38.044258,-122.198765,
38.192498,-121.927529,
37.792682,-121.860590,
37.829350,-122.203507,
37.790438,-122.140819,
38.339402,-123.034599,
38.324133,-122.714633,
38.235014,-122.557332,
37.018419,-121.554249,
37.160846,-121.983966,Idylwild Water Co,Lakeview Farms
37.174063,-121.598747,
37.050419,-122.057816,
36.779046,-121.142439,
37.315977,-121.936319,Bogart's Cafe
37.277121,-121.986133,
37.224914,-121.764075,Gingerbread On The Go
37.979250,-121.313409,
37.554269,-120.951523,
37.508765,-119.982496,
37.672906,-120.946594,
37.762766,-121.125277,
37.474396,-120.875917,
38.713421,-123.349777,
38.833425,-122.734061,
38.461425,-123.047186,Casini Ranch Family Campground,Casini Enterprises
38.493179,-122.777546,
38.371538,-122.487307,
38.922131,-122.789559,
38.398815,-122.861923,
40.523099,-124.326421,
40.674987,-124.231146,
40.377299,-123.854169,
39.963270,-123.775737,
38.624150,-121.324911,
38.313448,-121.123886,
38.741074,-121.247693,
38.791075,-121.234854,Granite Rock Grill,Cafe Delicias,Rocklin Food Mart
38.843738,-120.072674,
39.223939,-121.494050,
39.548599,-121.192105,
41.928894,-121.906809,
39.232027,-120.096413,
34.023728,-118.156275,Yoshinoya,Wateria,Atlantic Mexican & Seafood Restaurant,Little Farmers Market,Atlantic Restaurant,Home Style Donuts,Quality Nutrition Co
34.080017,-118.262643,Vons,Tierra Mia Coffee,Hi Ho the Dairy Store,MS Donuts
34.078195,-118.185501,
34.137412,-118.207607,
33.942108,-118.417488,
34.092540,-118.491064,
33.926262,-118.249883,
34.052876,-118.254943,Mendocino Farms,Bonaventure Brewing Co.,Nick & Stef's Steakhouse,Lakeview Bistro,Subway,Trimana,Border Grill,Korean BBQ Plus,Highrise Cafe,OM Photography,Starbucks,LA Prime,Hot Dog Plus,Starbucks,Starbucks,Mundo Management LLC,Angry Chef,Happy Cow Diner,Cap'n Lee's Seafood,Olive Branch
33.881510,-118.234451,DivaLicious Desserts,Beach Cities Vending,Special Events Rental,A J Nursery,Family Farms,Taqi,Pete's Family Fish Market
33.901390,-118.315697,La Metapaneca,Kim's Flower & Plant,Howard's Meat & Seafood
33.914775,-118.348083,McDonald's,El Puerto Escondido
33.873215,-118.370360,Bamboo Thai Bistro,Calimex Restaurant,Emerald Garden Restaurant,Pizza Man,Snax Superburgers,Artesia Produce & Meat Market,Dollar Tree,Subway,Slider Stop
33.945555,-117.990719,
33.927691,-118.013828,3 Alarm Pizza Department,M & K Market,Taco Bell,Tams Burgers
33.950295,-118.024352,
33.933565,-118.062611,Alegacy Food Services
33.801191,-117.994904,Food 4 Less,McDonald's,Food for Less
33.399248,-118.435601,
33.822725,-118.264109,Yellow Basket,7-Eleven
33.803431,-118.169770,Signal Hill Black Bear Diner,Food 4 Less,Starbucks,Del Taco,McDonald's,TOGO'S Sandwiches,Chevron,Chinese Gourmet,GD Bro Burger,Extra Mile
33.805401,-118.187701,Flame Broiler,California Sushi & Teriyaki,Taste of India,Burger King,Subway,Rite Aid Pharmacy,Carl's Jr.
34.128284,-118.047732,
34.152800,-118.000482,SUBWAY® Restaurants,Noor's Indian Bistro | Order Food Online | Clorder,Yogurtland,The Coffee Bean & Tea Leaf
34.122671,-118.112911,
34.153338,-118.262974,Pioneer Cafe,Sipan Market & Deli
34.160359,-118.213769,
34.144557,-118.256507,The Cheesecake Factory,Pinkberry,Panda Express,Outback Steakhouse,BevMo!,Muscle Beach Lemonade & Hot Dogs,Granville,In-N-Out Burger,Royal Palace Banquet Hall,Frida Mexican Cuisine,Katsuya Glendale,Vegas Seafood Buffet,Sweet Spot,Sur La Table,Trattoria Amici At The Americana At Brand,The Coffee Bean & Tea Leaf,The Famous,Jersey Mike's Subs,Brand 158,Napoleon's Macarons
34.123305,-118.671025,
34.293338,-118.603118,
34.175969,-118.945127,Spudnuts Donuts,7-Eleven
34.441596,-118.448109,
34.465755,-118.553789,
34.155097,-118.547553,
34.184616,-118.576125,
34.384697,-118.647244,
34.222506,-118.444689,Carl's Jr.
34.195685,-118.490752,Costa Azul Restaurant,Taqueria San Jose,Cafe Chapin Bakery & Restaurant,BANK'S THAI -CHINESE FOOD
34.204400,-118.287527,
34.150818,-118.368159,The Coffee Bean & Tea Leaf,Pizza Hut,Chevron North Hollywood,Twin Castle,McDonald's,Cafe Donuts,Perfect Donuts
34.185767,-118.388323,McDonald's,THAI VICTORY RESTAURANT,Carniceria Argentina Alex Meat Market,El Pollo Loco,Philadelphia Steak & Hoagie,BLaQHauS,Golden Palace Chinese Restaurant,Taqueria La Chispita,Corner mini mart,Mi Tierra Restaurant,Aragat Meat Market,Panaderia El Buen Gusto
34.138761,-118.350933,
34.280333,-117.866141,
34.084747,-117.886844,Pensar Big Inc
34.080444,-117.854734,
34.078573,-118.043456,
34.119367,-117.855054,
34.031415,-117.936470,
33.999005,-117.972146,
33.974883,-117.900676,
34.035602,-117.591528,
34.065493,-118.084529,Sunshine Nursery,Authentic Specialty Foods
34.110186,-117.810390,Ritz Catering at San Dimas Masonic Lodge
34.115273,-118.088266,
34.090776,-118.095091,Meats & Seafoods Distributions,La Paloma Market
32.678070,-116.306851,
32.654821,-116.465541,
32.887989,-116.621354,
32.866646,-116.448325,
32.670646,-117.094668,El Pollo Loco,Karina's Mexican Seafood,Wienerschnitzel,Jack in the Box,McDonald's,7-Eleven,Sushi & Galbi,Deniss Bakery,Plaza Donuts
32.726237,-116.994318,
32.724154,-116.940093,
33.147294,-117.322181,Carlsbad Gourmet Inc
32.795508,-116.969747,California Deli Works
33.056022,-117.259900,Big Lots,Nosh,Rosati's Pizza and Sports Pub,Dream Dinners,Cafe 477
33.212444,-117.116098,
33.082400,-117.127641,
33.022474,-116.493688,
33.387723,-117.444758,
33.201242,-117.296984,
33.254619,-117.283341,
33.020908,-117.190346,
33.015927,-117.243517,
32.716220,-117.117057,
32.741501,-117.127948,Alexander's,Kwik Stops,Cardamom Cafe & Bakery,Zensei Sushi,Pete’s Seafood and Sandwich,La Salsa Chilena Salsa Factory,Urban Plantations,Modern Times Tasting Rooms,Influx Cafe,Underbelly North Park,Tacos Perla
32.710818,-117.237613,
32.739055,-117.245404,
32.774046,-117.142454,Trisler's Wine Bar,TEAM Monavie Independent Distributor,Milano Coffee Co,Daphne's California Greek,M & M Market
32.696716,-117.117881,Subway,Foodland,Giant Pizza King,Chevron,Lew's Food Store,El Toco Rico
32.764998,-117.073641,
32.824572,-117.199518,
32.699234,-117.209642,
32.817888,-117.031956,
32.861727,-117.171224,
32.823766,-117.092378,
32.945791,-117.214366,
32.886070,-117.085982,
32.930554,-117.008063,
32.674984,-117.161726,Jack In The Box,Panda Express
33.172881,-115.553769,
33.842584,-116.292900,
34.163216,-114.319121,
32.881449,-115.675459,
33.543835,-115.993906,
33.294274,-115.296227,
33.915839,-116.559873,
33.708012,-116.403627,
33.860925,-116.566176,
33.768584,-116.429988,
33.460512,-116.084589,
34.541483,-115.644609,
34.571218,-117.133073,
34.424366,-117.161295,
35.261460,-116.690324,Pizza Hut,Taco Bell,Subway,Starbucks,Sam Adams Grille,Samuel Adams Bar And Grille
36.597809,-116.827404,
34.912426,-115.342092,
34.085972,-117.464597,Wendell Keefer Farm
34.147718,-117.464506,
34.236643,-117.062838,
34.376159,-117.294397,
34.899991,-116.654532,
34.442625,-117.541815,
34.111605,-117.377406,
34.205287,-117.117403,
36.007706,-116.178478,
35.900961,-116.186357,
34.556111,-117.353632,
34.915880,-116.865561,
34.122501,-117.320138,Little Caesars Pizza,CVS Store,El Super,Little Beijing Chinese Fast Food
33.995040,-117.373184,Riverside Free Market
33.970847,-117.325120,
33.891133,-117.326749,Aloha Joe's Party Jumpers,Wendy's,Dollar Tree,Golden Spoon Frozen Yogurt,Mr You Chinese Food
33.889103,-117.278368,
33.492391,-116.837955,
33.527867,-116.647620,
33.648169,-116.895308,
33.729853,-117.034060,
33.889702,-117.113427,
33.637201,-116.627212,
33.828396,-117.207660,
33.652675,-117.173568,
33.746707,-117.172142,
33.708982,-117.198853,
33.694019,-117.250341,
33.535277,-117.104791,
33.624456,-117.781423,
33.680302,-117.833295,
33.714796,-117.749139,
33.451469,-117.659056,
33.601966,-117.864254,
33.679591,-117.908531,Ramen Yamadaya,Vietnam's Pearl Restaurant,Shell,Lil' Pickle,Honda-Ya Box,Jack in the Box,Super A's Mexican Food,Chevron,D K's Donuts,Confetti Italian Ice,Round Table Pizza,Bella Vita Vintage Rentals,Arsenio's
33.647763,-117.919761,Golden Dragon,Pasta Connection
33.645736,-117.685503,TOGO'S Sandwiches
33.679010,-118.014603,Sparkletts Water,Wire A Cake,Smith Ivan,Tropic Care Plant Services
33.570930,-117.773042,
33.591304,-117.697512,Ralphs,Subway,The Pizza Store,Starbucks,Mobil,The Pizza Store,Mission Donut
33.745130,-117.984873,Herbalife,Eastside Water,Baladi Poultry,EZBUY247.COM
33.601984,-117.913001,
33.623208,-117.933903,Royal Thai Cuisine
33.501860,-117.608646,
33.528868,-117.701175,
33.752468,-117.993933,Becker Foods,Golden Greek Produce,Apple Produce
33.547238,-117.623761,
33.747155,-117.907326,Colima Mexican & Seafood
33.765301,-117.881976,Creative Cuisine
33.710582,-117.951129,Silky Sullivan's Restaurant & Irish Pub
33.739709,-117.784703,Tustin Ranch Golf Club
33.808267,-117.923658,Rainforest Cafe,ESPN Zone,Tortilla Jo's,Naples Ristorante e Pizzeria,Ralph Brennan's Jazz Kitchen,Catal Restaurant,Earl of Sandwich,Storytellers Cafe,Wetzel's Pretzels,Hearthstone Lounge,Jamba Juice,Häagen-Dazs® Ice Cream Shop,Marceline's Confectionery,Chip 'n Dale Critter Breakfast,Crossroads at House of Blues Anaheim,Starbucks,Caramel Corn,Kayla's Cake,Taqueria,Napolini
33.818246,-117.974985,Wienerschnitzel,Walgreens,Bistro Bleu,R & A Party Rentals,Ortega's Family Restaurant,Drinking Water Store,ABC Supermarket
33.856459,-117.740176,
33.927561,-117.887086,Los Angeles fry company
33.879329,-117.961752,Rubio's,Panda Express,Hoshi Sushi,Top Class Pizza,Sato Sushi,KFC,Menchies Amerige Heights Fullerton,Taco Bell
33.901886,-117.916639,
33.763905,-117.931382,
33.765471,-117.969504,Brodard Chateau
33.783064,-118.026268,
33.827409,-117.524128,
33.840451,-117.601961,
34.227892,-119.079552,
34.407780,-119.306554,
34.150212,-119.127729,
34.181971,-119.224985,
34.238786,-119.186492,
34.106896,-119.099535,
33.255655,-119.503588,
34.170854,-119.202409,
34.421964,-119.593483,
34.533222,-119.791731,
34.448024,-119.616984,
34.406428,-119.726888,
34.446201,-119.762794,
34.449185,-119.804782,
36.313344,-119.708452,A S Danielsons Inc,Royal Food
35.889811,-120.068590,
35.889831,-118.630592,
35.873666,-119.281551,
36.295014,-119.026031,
34.842425,-119.203723,
35.228199,-119.569304,
35.735652,-118.738373,
36.191268,-120.090097,
36.389827,-119.219896,Exeter-Ivanhoe Citrus Association
35.729116,-118.391888,
36.206269,-119.071075,
35.335636,-119.758248,
35.960636,-119.312992,
35.988087,-118.860221,
36.151180,-119.049222,
35.952426,-119.072843,
36.178091,-119.370752,
35.299176,-119.358368,
35.652242,-119.446400,
36.462710,-119.093242,
35.757886,-118.988161,
35.339702,-119.023451,Rite Aid Pharmacy,The Honey Source,Jay's Market
35.342891,-119.064803,
35.301200,-120.660937,Tacos To Go Express,Lucy's Juice,Sandwich Factory
35.463544,-120.692911,
35.585018,-121.041461,
34.867662,-120.539904,
35.120888,-120.619664,Pizza Express,RONS Nursery,Cafe Runner,Julia's Juice Bar,Bunn Thai Bistro,Majuvi Flowers,Jalapenos Mexican Restaurant,Danile's Mexican Food,Daniel's Mexican Grill Express,Margarita's Pizza,Your Personal Shopper,Stop N Buy Cellular,Grand Liquors,Villa Del Mar
34.712216,-120.230146,
35.401934,-120.799362,
35.662509,-120.749865,
36.085423,-120.818522,
35.303925,-120.256566,
34.923013,-120.259463,
34.653533,-120.007153,
35.538809,-120.739893,
35.163740,-117.886527,
34.450906,-118.227614,
37.492115,-118.390408,
36.316298,-117.592333,
34.957206,-117.827391,
34.931987,-117.907127,
34.689848,-118.533689,
34.481108,-117.982006,
35.606509,-117.683472,
35.347928,-117.621393,
34.866894,-118.339832,
35.118772,-118.493811,Hemme Hay & Feed
34.594480,-117.813666,
37.098303,-120.281212,
36.825296,-119.680190,
36.503322,-119.286328,
36.917573,-119.593481,
36.789273,-119.140345,
36.814503,-120.575240,
36.624539,-119.671874,
36.478239,-119.521370,
37.223580,-119.000834,
37.377787,-119.632385,
37.182359,-119.641450,
36.644737,-119.289181,
36.620634,-119.520731,
36.658709,-119.401274,
36.450225,-119.934478,
37.129364,-119.219563,
36.547067,-119.335641,
36.452697,-119.482343,
36.799054,-119.801608,
36.786671,-119.828335,
36.652065,-119.906591,
36.757294,-119.818488,Tower Beer & Wine Mini
36.905389,-119.748632,
36.682351,-121.605904,
36.415603,-121.637651,
36.038868,-121.244009,
36.205060,-121.010363,
37.514352,-122.298896,Mountain Ranch Capital Advisors LLC
37.570280,-122.365778,
37.690884,-122.447441,
37.469453,-122.411841,
37.274612,-122.232420,
37.270838,-122.280738,
37.453514,-122.204756,
37.598970,-122.401991,
37.414028,-122.070679,
37.606627,-122.477211,
37.493297,-122.195535,
37.534106,-122.247372,
37.625086,-122.433593,
37.655490,-122.422075,
37.351529,-122.036959,
37.412402,-122.015605,Printed Coffee Cup Sleeves
37.779588,-122.419318,O3 Bistro & Lounge,Cafe at the Opera at the SFWM,Mint Cafe,Mela Tandoori Kitchen,Acre Coffee,C+M (Coffee and Milk) War Memorial,C&M Coffee and Milk,Cafe Mochas,Fine & Rare,Mocha's Cafe & Grill,City Hall Cafe,A & E Professional Services,La Sombra Juice,Ico Universal,Gleda Loftus Catering
37.760460,-122.399724,Thinkers Cafe,Potrero Branch Library,Olla Coffee,Pizza Casa Tua,Carmen's Catering
37.745399,-122.486065,
37.769436,-122.447662,Club Deluxe: Jazz. Cocktails. Pizza,Haight Street Market,HQ Bar & Restaurant,Pork Store Cafe,1428 Haight Patio Cafe & Crepery,Ben & Jerry's,Super 7 Retail,Sparrow Bar and Kitchen,Panini Cafe,Blue Front Deli & Cafe,Crepe Express,Burger Urge,People's Cafe,City Girl Errands,Street Taco,El Rancho Grande,Om Indian Cuisine,Big Slice Pizza,VeganBurg,Hippie Thai Street Food
37.776769,-122.494707,Shanghai Dumpling King,Simple Pleasures Cafe,Sapoten‎,Fog Baby Cafe,Chino's Taqueria,Golden Chariot Bakery & Restaurant,Talisman Banqute Hall,Beaux Gateaux,Sweet House,Better Food Market
37.736220,-122.459338,
37.626411,-122.385757,
37.797336,-122.464462,
37.768106,-122.386927,
37.374707,-122.181698,
37.418256,-122.170871,
37.576948,-122.316903,
38.134852,-121.834156,
38.634822,-122.615051,
37.833901,-122.165034,
37.890217,-121.878354,
37.814613,-121.990552,
37.845601,-121.950612,
37.965765,-121.775818,
38.280745,-122.006380,
37.516907,-121.911763,
37.659883,-122.037142,
37.633820,-122.057200,
38.010166,-122.261728,
37.722720,-122.021552,
37.840645,-122.114877,
38.442011,-122.238320,
38.014576,-121.906255,
38.706906,-122.393997,
37.715245,-121.914700,
38.148862,-121.737696,
37.762174,-121.915788,
37.574590,-121.853708,
38.089730,-122.277394,
37.871950,-122.069383,
37.804320,-122.207545,
37.736529,-122.179445,
37.791887,-122.245334,Captain Seafood,Three Amigos Market
37.780853,-122.182845,
37.873832,-122.254944,The Coffee Lab,Foothill Cub Market,Foothill,Alexa Cafe
37.952844,-122.381974,
37.902226,-122.317378,
37.945512,-122.560120,
38.060475,-122.508496,
38.320861,-122.646138,
38.045857,-122.861209,
37.852904,-122.547207,
37.914513,-122.646890,
38.231547,-122.928226,
37.438672,-122.011582,
37.006700,-121.878207,
37.444349,-121.868859,
36.525703,-120.952122,
36.825745,-121.518587,
37.067917,-122.013995,
37.346512,-121.909803,
37.244238,-121.831604,Shaklee Nutritionist
37.959736,-121.288287,Chevron,Sp Market,Star Like Cafe,Jasbir Kaur Ice Cream
37.973736,-121.319246,
38.049939,-121.232970,
38.051726,-121.483036,
38.210353,-121.051256,
38.138539,-120.452903,
38.189115,-120.638708,
38.379703,-120.448000,
37.553376,-120.714055,
37.127380,-120.506433,
37.639290,-120.903049,Garcia's Market,Empire Community Victory Garden (CSA),Rico's Pizza,Watermill Express
37.166199,-121.024432,
37.608303,-120.685156,
37.466072,-120.225948,
37.558453,-120.909880,
37.639029,-120.964772,Howk Systems,Luigis Pizza,Valley Gardening Supplies Yosemite Boulevard,Luigi's Pizza,Sno-white drive in,El Rincon Tapatio,Holy Land Bakery,Phoenix Market
38.186595,-120.026235,
37.939765,-120.188046,
37.528476,-120.853313,
38.112760,-120.225746,
37.610740,-121.247330,
38.525733,-122.690443,
38.437114,-122.665993,
38.393300,-122.745048,
39.689790,-123.610022,
38.973012,-122.623922,
39.108252,-123.645121,
38.527164,-123.007892,
39.128363,-122.849302,
38.524077,-122.968774,
39.135023,-123.259338,
39.225478,-122.922912,
41.092825,-123.675802,
38.756184,-122.195438,
38.695704,-121.308303,
38.427507,-121.314899,
38.343033,-120.760921,
38.884891,-121.778654,
38.689261,-120.054975,
38.697634,-121.977571,
38.842230,-121.572164,
38.157794,-121.520223,
38.732368,-121.810263,
38.985882,-120.978665,
38.750132,-120.675412,
39.200502,-120.840726,
38.344888,-121.431231,
38.427813,-121.444696,
38.605407,-121.447593,Chando's Tacos
38.569828,-121.440067,
38.686809,-121.349146,
39.449004,-121.330521,
39.409686,-121.756653,
39.745628,-121.843834,Forest Ranch Camps,Burchell Nursery Inc,Cozy Diner,Cindy Maderos Catering,Brenner Marianne,Crystal Dairy Distributing-CHC
39.685710,-121.844084,
39.099230,-121.138848,
39.593945,-121.581363,
40.077912,-120.707315,
41.186066,-123.181796,
41.898880,-122.888552,
40.879080,-121.893264,
40.510870,-121.876112,
40.765478,-122.941428,
41.299883,-120.078511,
41.258361,-120.372343,
39.148285,-120.170923,
33.944159,-118.192761,La Jolla Meat Market,Donut Galore
34.139460,-118.166649,Western Exterminator Co
34.170510,-118.289463,Starbucks,Original Kabob Factory,McDonald's,Jon's Marketplace,Sasoun Bakery,Subway,Remedy Liquor & Wine Cellar,JONS International Marketplace,A-1 Liquor & Market,Nairi Fruits,Nairi Meat & Fish Market,Water & Ice U Love
34.160236,-118.515472,Buca di Beppo - Encino,Domingo's Italian Deli,Thai' N I Cafe,Baklava Factory,Kopan Ramen 4
34.172754,-117.521243,
34.074087,-117.605618,
32.573755,-117.120872,
32.648992,-116.152565,
32.759333,-116.997247,
32.735124,-116.415161,
32.626231,-116.610020,
33.346808,-116.853215,
32.553021,-117.042454,La Bodega Market,Mi Tierra Super Taco
33.692217,-116.341248,
34.077059,-116.606626,
34.222079,-116.564222,
34.141358,-115.621168,
33.983697,-116.691398,
32.891546,-114.772943,
34.510646,-116.896718,
34.259272,-117.520971,
34.237229,-116.827695,
33.903134,-117.398044,
34.003266,-117.442004,
33.758663,-117.109484,
33.882740,-117.224878,Alberto's Mexican Food,Red Maple Pizza,ARCO
33.547613,-117.344040,
33.705442,-117.823600,
33.666942,-117.732094,
33.723228,-118.008692,AMPM,ARCO
33.576212,-117.730368,
33.605086,-117.892319,
33.752476,-117.612554,
33.680226,-117.526144,
33.619672,-117.612087,
33.721131,-117.905110,
33.765639,-117.790075,
33.848733,-117.788357,
33.784615,-117.844774,
33.881158,-117.854783,
33.896339,-117.796416,San Marcos Market
34.278679,-119.165615,
34.441370,-119.514092,
34.473884,-118.797181,
34.308729,-118.687223,
34.247556,-118.700940,
34.297699,-119.014558,
36.056587,-118.568462,
36.197785,-120.422249,
36.042151,-119.527700,
36.442077,-119.727734,
35.677330,-118.101417,
36.054380,-119.150397,
36.615624,-118.697574,
36.469275,-118.800919,
36.047414,-119.344304,
35.715258,-118.507027,
35.384336,-119.020562,Starbucks,J & R Tiwana Farms
35.245120,-118.941100,
35.235750,-120.615973,
35.484966,-120.944417,
34.919894,-120.604969,
34.595669,-120.352667,
34.737964,-120.543739,
34.770605,-119.985205,
35.886767,-120.608661,
35.746484,-121.223355,
34.624395,-120.137875,
35.067111,-118.184941,
35.385111,-118.491168,
35.294349,-117.925785,
36.823834,-118.281246,
36.119622,-118.177124,
36.475830,-117.860116,
34.713292,-118.152920,
34.713656,-117.864660,
34.747390,-118.369249,
36.556387,-118.054221,
37.548799,-118.839818,
36.212203,-117.948532,
34.408548,-118.123592,
34.407332,-117.911841,
35.746463,-117.386604,
34.402521,-117.766066,
35.852815,-117.224709,
36.803197,-120.018564,Los Amigos Deli,Best Market
36.655353,-119.593861,
36.521012,-119.389446,
37.020043,-120.625404,
37.043286,-119.691306,
36.772382,-118.935666,
36.727250,-120.123426,
37.068068,-120.843579,
36.984885,-119.873914,Kramm's Yellow Horse Ranch
36.600760,-119.175485,
36.999336,-119.518794,
36.595012,-119.904577,
37.248335,-119.944935,
36.817791,-119.457602,
36.650275,-120.284085,
37.290563,-119.548406,
36.749661,-119.787685,Jack's Gas,Me-Khong Restaurant,Krispy Krunchy Chicken
36.768860,-119.762393,
36.834289,-119.833350,
36.732891,-119.783739,Yeraz Restaurant,John De Groot Dairy,Ramirez Party Rentals
36.627211,-119.731888,
36.751519,-119.680602,Port of Subs,Chevron
36.636344,-121.623978,
36.769389,-121.667532,
36.651745,-121.599444,
36.092975,-121.549826,
36.588003,-121.398912,
36.248797,-121.386631,
35.989792,-121.055933,
36.597004,-121.874136,
36.621181,-121.925179,
36.585219,-121.945282,
36.133362,-120.928512,
37.681264,-122.480589,
37.352234,-122.094399,
37.457524,-122.176542,
37.376828,-122.209796,
37.554298,-122.496632,
37.380566,-122.085293,
37.461147,-122.236948,
37.496466,-122.272565,
37.331714,-122.341466,
37.388556,-122.017732,
37.792007,-122.408575,Tonga Room & Hurricane Bar,Parallel 37,The Lounge,Laurel Court Restaurant & Bar,Top of the Mark,Aurea,Hang Ah Dim Sum Tea House,Caffe Cento,Barbara Llewellyn Catering,Heritage Chinatown Kitchen,New Fortune Dim Sum&Cafe,MWG International Group,All Spice,E & E Fine Foods,J & W Market,John Steakhouse,Associated Services Co,Wonkow Food Products
37.795388,-122.422453,Subway,Nick's Crispy Tacos,Harris' The San Francisco Steakhouse,Bullitt,Starbucks,Crave,Peet's Coffee,The Candy Store,Real Food Company,Street Restaurant,The Jug Shop,Cheese Plus,Peter D's Restaurant,Tai Chi,Walgreens,Escape From New York Pizza,Robberbaron,Country Sky,Wasabi & Ginger,Beaux Gateaux
37.785969,-122.437253,Sweet Maple,Sweet Lime Thai Cuisine,Spice Ace,Nu Outlook,Song Tea & Ceramics
37.722220,-122.484077,The Bricks at Mary Ward,A&R Seafood Company
37.804531,-122.410852,Cafe Francisco,Freddie's Sandwiches,China House Bar & Restaurant,Mrs Dalloway's Catering,Lombard Heights Market,Cooks & Co
37.721052,-122.413573,
37.444123,-122.149911,
37.773793,-122.278115,Calafia Taqueria,Alameda Farmers' Market,Katsu Sushi House,Cafe Jolie,Fortune Cookie,Dragon Village,Nation's Giant Hamburgers,Little Caesars Pizza,Jazeera Market,Wescafe,Albert's Cafe,Chicha- Peruvian Kitchen and Pisco Bar,West End Crepe,Chopstick,Alameda Pizza,Kapok Seafood Restaurants,Discount City #3,Tu Tai 2,EXTREME PIZZA,Aria Supermarket
37.809677,-121.913141,
38.098071,-122.135940,
37.922228,-121.668359,
37.826372,-121.622546,
37.988451,-122.013001,
37.995285,-122.040627,
37.956012,-121.956194,Sloat Garden Center
37.954131,-122.076140,
38.244839,-122.135861,
37.570508,-121.981250,
37.673945,-122.084821,Domino's Pizza,Cold Stone Creamery,Starbucks,Sapporo Restaurant,Americana Pizza & Tacqueria,Panda Express,The Pizza House,Wienerschnitzel,Jamba Juice,Snappy's Cafe,El Taquito,Buon Appetito,Subway,Lift Parts Express Hayward,Han Yang Korean Bar-B-Q,Hope Chest,J.R.Rice Cake Bakery,J R Rice Bakery,Bo Apatito,The Cupcake Shoppe
37.519986,-121.575596,
37.750502,-121.749055,
37.993892,-122.136441,
37.879920,-122.184572,Yan's Restaurant
38.542448,-122.419923,
37.840961,-122.109502,Sodexo,Cafe Louis,Oliver Hall
37.713275,-122.167350,
37.706137,-122.125550,
37.755120,-121.972699,
38.187350,-122.224074,
37.775545,-122.218705,El Huarache Azteca,Otaez,Taqueria El Farolito,Canchola's Restaurant,La Mexicana Restaurant,Regal-Arte,Pena's Bakery No 2,El Rinconcito Chapin,International Produce Market,Hernandez Meat Market,Pupuseria Las Palmas Salvadoreña,Taqueria Vallarta,Las Marianas
37.761408,-122.150198,
37.807215,-122.301497,Fortune Cookie
37.836844,-122.289143,
37.811406,-122.242458,Starbucks,The Cheese Steak Shop,Oakland Kosher Butcher And Mini Market,Flavors of India,Noah's Bagels,Chevron,Spettro,Lakeshore Natural Foods,Rolling Dunes,Lin Jia Asian Kitchen,Flipside Burgers,Top Dog,Michel Bistro,Colonial Donuts,Main Squeeze,Shakewell,Lakeshore Produce,DaniBensimon Catering,Quickly
37.808800,-122.269196,Subway,Rudy's Can't Fail Cafe,Duende,Xolo,Flora Restaurant & Bar,The Punchdown,Donut Savant,Zaya Cafe,Torrent Laboratory Inc,The Bodega at Duende,Little Giant Ice Cream,Tierra Mia Coffee,Hutch bar & kitchen,Diving Dog Brewhouse,Fat Cat Cafe,Billy's,Olufe Restaurant,Tertulia Coffee,Food Management,Sweet Belly Desserts
37.844672,-122.238105,
37.865777,-122.286321,
37.863911,-122.275643,
37.866536,-122.257996,CREAM Berkeley,Caffe Mediterraneum,Fat Slice Pizza,Peet's Coffee,Pappy's Grill & Sports Bar,Joshu-ya Brasserie,Top Dog,Crossroads,Bongo Burger,House of Curries,Gypsy's Trattoria Italiana,Gordo Taqueria,Cafe Durant,Tako Sushi,Smart Alec's Intelligent Food,The Melt Berkeley,Remy's,Lhasa Karnak Herb Company,La Burrita,Noah's Bagels
37.898189,-122.279130,
37.863914,-122.306465,
37.978138,-122.497611,
37.885629,-122.468580,
38.344946,-122.948799,
38.346420,-122.694127,
38.252420,-122.962717,
38.116490,-122.930351,
38.178570,-122.883190,
37.897665,-122.563172,
38.082829,-122.671527,
38.024885,-122.759933,
37.963111,-122.563588,
38.013719,-122.670120,
36.874755,-121.630732,
37.098768,-122.091734,
37.171267,-122.149524,
37.104964,-122.106903,
36.976175,-121.953160,Avenue Cafe
37.215362,-121.741521,
37.306491,-122.080640,
37.074092,-122.059372,
36.902045,-121.350783,
37.351157,-121.952295,A1 Halal
37.348723,-121.937557,540° pizza & more
36.970525,-121.987488,Performance Foodservice,Kens Wholesale Produce Co
37.031475,-121.983340,
37.311181,-121.961870,
37.255520,-121.889995,
37.256765,-121.922762,
37.424565,-121.748597,
37.371606,-121.860844,
37.426377,-121.950977,
37.246623,-121.733833,
37.393503,-121.620009,
38.193762,-120.875928,
38.228948,-120.856627,
37.907230,-120.688307,
38.161879,-121.149837,Lockeford Meat & Sausage Services,Rich Plate Restaurant & Cafe,Klk Young Meat Market Inc
38.137068,-121.384546,
38.299257,-120.626707,
38.227003,-120.514561,
38.317709,-120.461112,
38.237833,-120.428658,
38.078402,-120.443443,
38.149816,-120.846670,
38.192620,-120.957820,
38.419902,-120.474458,
37.671103,-121.406559,
38.085839,-120.378550,
38.319132,-119.796208,
37.421900,-120.769283,
37.653372,-119.784117,
37.808915,-121.312639,
37.830267,-121.201020,
37.743039,-121.238380,
38.065529,-120.170699,
37.623601,-120.996324,California Flavored Nuts
37.672536,-120.887136,
37.713269,-121.085404,
37.414670,-120.586787,
37.626489,-119.681280,
38.503685,-122.754057,
38.468829,-122.580724,
39.244183,-123.563531,
38.622985,-122.889121,
39.258198,-123.761560,
38.976640,-123.604802,
38.474137,-123.024203,
40.141856,-123.681921,
40.666691,-123.908396,
40.244215,-123.888871,
41.950683,-124.097094,
38.593521,-121.539867,ces enterprise one c-mart
38.830371,-122.126946,
38.554133,-121.798467,
38.666597,-121.141635,
38.834145,-122.236936,
38.817820,-120.929272,
38.689174,-121.218435,
38.855811,-121.182313,
38.400650,-120.648462,
38.833555,-121.498099,
38.604268,-121.280327,
38.954159,-121.481870,
38.478832,-120.611993,
38.816357,-121.910770,
39.009801,-121.034707,
39.311704,-120.328125,
39.319332,-120.399379,
38.815548,-121.280172,
38.580568,-121.495590,Temple Coffee Roasters,Subway,Rite Aid Pharmacy,Grange Restaurant & Bar,Wayside Noodles,Subway,Starbucks,Capitol Plaza Halls,Quiznos,LA BOU,Cilantro's Mexican Restaurant,8th Street Pizza,Blackbird,Bud's Buffet,Megami Bento-Ya Restaurant,Antigua Cantina & Grill,La Bou Bakery & Cafe,Cinco De Mayo Taqueria,Andy's Candy Apothecary,Ancho Mexican Grill
38.571577,-121.466465,Safeway,Del Taco,McDonald's,May Flower Chinese,Round Table Pizza,La Fiesta Taqueria,Chevron,Jamba Juice,Starbucks,Sub Depot,LimelightSac,Limelight Bar & Cafe,The Original Mel's,五月花酒家
38.543754,-121.377692,
38.447050,-121.496114,
39.491126,-120.817232,
40.060074,-120.907922,
39.605383,-120.811013,
39.495266,-120.943811,
39.215586,-121.203240,
39.435211,-121.551925,Taqueria Palermo
39.940063,-120.891328,
40.527834,-122.318749,
40.458029,-122.277830,
41.487278,-120.912416,
41.399483,-123.068855,
40.829014,-123.022859,
41.727044,-121.907369,
41.314337,-122.380798,
40.603066,-122.186657,
41.740719,-123.077404,
39.736644,-120.543744,
41.770116,-120.431104,
40.142933,-120.159007,
38.743384,-119.867624,
39.789270,-120.357278,
39.067274,-120.177798,
33.921280,-118.274186,
34.107753,-118.616219,
32.908915,-116.891975,
33.948948,-116.832362,
33.736458,-114.687973,
34.112956,-114.633391,
34.757047,-117.350142,
34.126779,-117.183104,
34.104794,-117.292150,Downtown San Bernardino Farmshare Market,Molly's Cafe,Ssing Ssing Kimchi House,The Court Stop,Kockys Bar& Grill Rialto Ca.92377,D Street Enterprise,Maria's Kitchen,Fresh Food Smoothie & Coffee,American Hoagies,Yo' Mama's Kitchen,The Flamming Grill,Paleteria La Michoacana
33.882579,-117.442303,
33.807607,-117.015163,
33.748220,-117.858473,Taqueria De Anda - Santa Ana,El Temesel Cafe,Jiminez Party Rental,Tacos El Beso💋
33.800980,-117.843772,
33.808450,-117.791737,
34.295652,-118.897875,
34.402343,-119.094824,
35.817247,-118.669124,
35.808535,-119.128083,
35.592099,-118.297698,
35.393866,-119.244846,
35.486805,-120.485271,
35.165671,-120.655844,
34.831792,-120.433509,
34.959340,-120.490081,
37.131989,-118.155880,
34.570867,-118.023744,
37.393471,-119.741037,
37.344149,-119.422139,
37.203158,-119.249243,Kay's Best
37.209821,-119.749802,
36.378434,-120.116591,
36.918079,-120.185933,
36.697180,-119.022995,
36.840813,-119.799812,
36.822349,-119.760243,Mail Order Market Services
36.793661,-119.761461,Food For Thought,Taqueria La Fresa
36.389618,-121.343146,
37.247137,-122.273493,
37.371647,-122.023134,
37.773134,-122.411167,The Cake Gallery,Azúcar Lounge,Capricorn Coffees,Kama Sushi SOMA,Vega Cafe,Work of Art,Kung's Trading Co,Gourmet Lulu Food Products,Sextant Coffee Roasters,Pampalasa,Seed,Vanessa's Catering,Cartwheels Catering & Carnival,Mc Coy Corina,Westlake Joes,TestCoffee
37.800934,-122.438366,The Tipsy Pig,Delarosa,Isa Restaurant,The Plant Cafe Organic,SusieCakes,Izzy's - San Francisco,Bistro Aix,IHOP,Blue Barn Gourmet,Pacific Catch,Barney's Gourmet Hamburgers,Chotto,Ace Wasabi's Rock-N-Roll Sushi,Blackwood,Super Duper Burgers,Walgreens,Ristorante Parma,Nectar Wine Lounge,Williams-Sonoma,Starbucks
37.728895,-122.382779,North America Noodle Co,Blue Tiger Coffee Service
37.820661,-122.369655,Treasure Island Event Venue
37.523602,-122.344920,
37.538449,-122.305447,
37.737572,-122.245507,
37.850411,-122.021124,
38.576618,-122.444388,
38.052951,-122.232094,
37.501368,-121.956753,3 Wire,D C To Daylight
37.605905,-122.126873,
37.504514,-122.032916,
37.993936,-121.691139,
38.549422,-122.476382,D Cubed Cellars
37.675731,-122.133017,
38.122869,-122.196863,
37.889098,-122.037553,
37.899936,-121.999244,
37.748272,-122.216825,
37.889704,-122.295531,Little Star Pizza,Cafe Raj,Bua Luang Thai Cuisine,Whole Health Apothecary,As You Wish Frozen Yogurt - Albany,Zarri's Delicatessen,Eunice Gourmet,Suzette Crepe Cafe,Boss,Brehm Vineyards,Tay Tah Cafe,Schetzuan Flavor,Hal's Office Café,Cafe Eugene,Albany Christmas Trees,Everest Kitchen,Organic Meals To Go,Oori Foods
37.916555,-122.341233,Grace Baking
38.022366,-122.555605,
37.943963,-122.616418,
38.012599,-122.687478,
37.937082,-122.532369,Red Boy Pizza,Lucky,Avatar's,King of the Roll,The Cheese Steak Shop,Lavier Cuisine,Fukusuke Restaurant,Juice Alley
38.112166,-122.634384,
38.234553,-122.760385,
37.995864,-122.577814,
38.287346,-122.968556,
36.828150,-121.776583,
37.099308,-121.599240,
37.036461,-122.121750,
36.991107,-122.059022,
37.260499,-122.046165,
37.283111,-121.826245,Senter Foods,Gabby's Taqueria
37.333694,-121.891002,San Jose Museum of Art,Subway,Mezcal,Myth Taverna & Lounge,Billy Berk's,Taurinus Brazilian Steak House,Fountain Restaurant,The Grill on the Alley,Subway,Sherman Cellars,Pizz'a Chicago,Peking House Restaurant,Cafe Too,Good Karma Artisan Ales & Café,Specialty's Cafe & Bakery,Jade Leaf,Starbucks,Divine Winery,Zanotto's Express,Don Pedro's
37.350421,-121.852585,El Grullo
37.230327,-121.785227,
37.295056,-121.891440,
37.284529,-121.658321,
37.918854,-121.417427,
38.200231,-121.235034,
38.433968,-119.968436,
38.000494,-120.898152,
37.873793,-121.290146,
38.029730,-121.023890,
38.114388,-121.144658,
37.794225,-120.269140,
37.421071,-120.652983,
37.666587,-120.411517,
37.347307,-120.742627,
38.124887,-120.093146,
37.345785,-120.424150,
37.583767,-119.976728,
37.392287,-120.498299,
37.718023,-121.032714,
37.612612,-121.108568,
37.787236,-120.759202,
37.331113,-120.294817,
37.531889,-120.437413,
37.316807,-120.855753,
37.667405,-120.629404,
37.519349,-121.296545,
38.449137,-122.793752,
39.366146,-123.804985,
39.720930,-123.300262,
39.487185,-123.741963,
39.054011,-122.751253,
38.433216,-122.869001,Wes Mar Winery
38.752774,-122.557196,
39.186791,-123.558382,
39.081822,-123.504872,
38.808264,-122.539952,
38.249428,-122.466627,
38.743039,-123.476418,
40.738322,-124.107619,
40.294713,-123.653473,
40.496975,-123.930822,
41.819578,-124.065667,
41.870812,-123.862770,
40.557483,-124.081215,
41.593204,-124.045992,
40.781218,-123.826383,
41.324926,-123.600968,
40.298264,-124.243071,
40.168801,-123.826148,
40.472423,-124.121840,
40.790880,-124.204748,
40.455189,-124.015148,
41.452689,-123.464813,
40.914926,-123.668723,
38.426699,-120.825717,
39.243304,-120.071406,
38.694908,-121.271772,HomeTown Buffet,Cattle Rustlers Steakhouse,Alonzo's Pizza Depot,Temple Garden,Country Waffles
38.384706,-121.578722,
38.886238,-120.979699,
38.412615,-121.756222,
38.358121,-121.911547,
38.652065,-121.254410,
38.516474,-120.688517,
38.840217,-120.829757,
38.936904,-120.772283,
38.910748,-120.908621,
38.621278,-120.383217,
38.140366,-121.589783,
38.881183,-121.169014,
38.678545,-121.379969,
38.734925,-120.789952,
38.482619,-120.899472,
38.722374,-120.978633,
38.764070,-121.287523,
38.896313,-122.365365,
38.240419,-121.587535,
38.995557,-121.353545,
38.612129,-120.964522,
38.592309,-120.584657,
38.333133,-121.920151,
38.408571,-122.022775,
38.199576,-121.618273,
38.627951,-121.593287,
39.111833,-120.877969,
38.800349,-120.503871,
38.782070,-121.373155,
38.550547,-121.456373,Cafe Soleil
38.554487,-121.497058,
38.534879,-121.444372,Prefer a Chef Catering
38.625693,-121.384916,Round Table Pizza,Ming Palace Restaurant,La Canasta Mexican Grill
38.512787,-121.493618,
38.488809,-121.395843,Frasinetti Winery
38.490508,-121.284171,
38.635653,-121.518416,
38.693765,-121.598941,
38.584047,-121.375846,
39.106099,-121.368180,
40.006256,-121.158894,
39.488340,-121.066908,
39.571982,-122.580827,
39.516314,-121.250935,
40.019450,-121.566635,
39.196387,-120.972289,
39.722512,-122.004433,
39.884654,-121.586789,
39.294516,-122.201715,
39.475360,-121.414110,
39.398424,-122.060946,
39.480221,-121.838454,
39.176595,-121.291692,
39.875599,-121.536315,
39.302035,-122.511160,
39.679398,-120.998619,
39.342544,-120.770868,
40.601778,-122.454973,
41.135964,-120.840063,
40.913780,-123.307421,
40.676564,-122.380909,
40.336387,-122.448511,
41.209942,-122.307935,
39.940260,-122.489200,
41.428284,-122.609441,
40.525724,-123.193917,
41.930950,-122.510081,
41.771860,-123.327375,
40.738391,-122.821086,
41.238956,-121.039250,
40.103236,-122.074735,
41.028176,-121.308316,
40.421637,-121.833052,
40.338068,-121.479070,
40.580119,-122.041403,
40.370467,-121.606306,
41.754853,-122.365534,
41.118402,-121.207564,
40.685336,-122.016069,
40.663854,-121.461060,
39.884652,-122.586513,
40.343242,-121.852205,
40.391542,-122.937883,
40.181890,-122.377104,
40.844643,-121.969849,
40.021716,-122.127821,
39.963320,-122.017242,
41.456579,-122.469367,
40.654093,-121.822848,
41.756147,-122.659466,
41.506276,-120.143106,
39.753579,-120.054995,
38.425282,-119.475743,
41.858844,-120.104998,
40.296745,-120.499838,
41.701830,-120.134337,
40.533462,-120.235356,
39.639597,-120.247144,
40.728194,-120.396280,
39.641871,-120.445265,
39.529719,-120.454168,
40.358768,-120.408154,
40.914751,-120.402175,
41.767323,-121.440546,
39.808651,-120.205672,
40.345753,-120.081154,
38.997166,-120.129625,
39.249050,-120.060428,
39.313089,-120.207783,
33.708592,-116.497622,
34.229973,-116.055053,
33.662050,-117.968459,
33.424110,-117.606775,
33.817630,-117.810046,
33.925311,-117.607297,
34.196026,-118.992531,
34.205247,-119.174092,Carniceria La Unica,Carniceria Hnos Garcia,Carnicerias 4 Caminos,4 Way Meat Market Inc,La Tapatia Market,Loncheria La Paloma,Boys Market,La Michocana Cana Meat Market,El Toro Market,Rocio's Market,Francisco Melchor,La Mexicana Bakery,La Rosa De Michoacan Taqueria,Garcia Hermanos Mini Market
35.112617,-118.832292,
35.518295,-118.430032,
35.468183,-118.779649,
35.393478,-119.120460,
35.296958,-120.733134,
35.176043,-120.476694,
35.848621,-120.938911,
38.281108,-119.384449,
37.988074,-119.114386,
34.604105,-118.239213,
36.492478,-120.355526,
37.494877,-119.644280,
36.474404,-120.061497,
36.672683,-120.446521,
36.585446,-120.173897,
36.553175,-121.923960,L'Auberge Carmel,Cantinetta Luca,La Bicyclette,Portabella,Little Napoli,Dametra Cafe,A Great Place,Cottage Restaurant,Salumeria Luca,Vino Napoli Wine Bar,Aubergine at L'Auberge Carmel,Galante Vineyards Tasting Room,Silvestri Vineyards,Trio Carmel,Treehouse Cafe,Dawn's Dream Winery,Cottage of Sweets,Mediterranean Restaurant,Carmel Valley Coffee Roasting Co,Sushi Heaven
36.614410,-121.786901,
37.758797,-122.485128,
38.186532,-122.264069,
38.028939,-121.640521,
38.282221,-121.924715,
37.686491,-122.157201,
37.834403,-122.264368,Aunt Mary's Cafe,Burma Superstar,Lanesplitter Pizza & Pub,Pyeong Chang Tofu House,Nulbom Korean Cuisine,McDonald's,Jack in the Box,Tara's Organic Ice Cream,Rosamunde Sausage Grill,Bowl'd BBQ,Copan,Hina Yakitori,Toic Temescal,Yuyu Za Zang,Chef Yu's,U & I
37.879234,-122.266839,Chez Panisse,Grégoire Restaurant,Peet's Coffee,Alegio Chocolate,Kirala 2,Love at First Bite Bakery,Soop,Lush Gelato,Juice Bar Collective,Dara Thai Lao Cuisine,Nico's Hideaway,Cha Am,Flavor Mediterranean Food,César,Epicurious Garden,Guacamole 61 Authentic Mexican food
37.942798,-122.322923,
37.980790,-122.337627,
38.029069,-122.726523,
38.134068,-122.527190,
37.943257,-122.492151,
37.279173,-121.955340,
36.784482,-121.759054,
36.935538,-121.783134,Fidel's Mexican Food
37.222759,-121.983272,Sur La Table,Opa,Los Gatos Bar & Grill Restaurant,Amour Patisserie,Icing on the Cake,Jasmine Chinese Cuisine,Main Street Burgers,Pizza My Heart,Willow Street Wood-Fired Pizza (Los Gatos),Dall'Uva LLC,Le Boulanger,Los Gatos Coffee Roasting Company,Steamer's Grillhouse,Fleur De Cocoa,Great Bear Coffee,The Lexington House,Andalé,Wine Cellar Restaurant,Round Table Pizza,Andale Patio
37.216953,-121.926555,
37.348640,-121.984373,
37.042254,-121.930051,
37.186141,-121.843555,
37.304151,-121.809869,Stop N Save
37.328684,-121.835269,
37.326791,-121.916745,
37.371091,-121.800752,
37.305742,-122.000927,
37.269128,-121.850992,
37.335987,-121.777603,
37.952452,-121.329655,
37.964578,-121.259841,Quik Stop
38.046863,-121.352802,
38.030177,-121.297912,
38.355338,-120.594018,
38.173556,-121.312247,
37.321233,-120.654395,
37.470288,-120.671083,
37.365530,-120.160164,
37.431392,-121.051294,
37.864258,-120.004543,
37.588918,-120.855236,
37.242232,-120.240442,
37.231045,-120.501072,
37.325955,-121.193383,
38.258394,-119.783024,
37.729282,-120.942905,
37.984549,-120.349264,
37.673944,-121.517227,
37.768218,-121.609509,
38.628217,-123.160834,
39.064446,-122.626701,
38.823058,-123.063891,
39.824803,-123.179609,
38.348343,-122.517056,
39.007213,-122.869510,
38.486817,-122.905620,
38.832520,-123.472532,
38.936137,-123.119445,
38.425523,-122.535210,
39.806096,-123.516147,
38.882973,-122.532720,
39.161278,-122.745312,
39.305245,-123.748616,
38.462142,-123.018384,
38.918887,-123.605684,
39.314030,-123.249924,
39.683707,-123.741609,
39.492842,-123.340973,
38.528079,-122.821349,
39.184728,-122.969574,
38.889651,-123.337821,
40.798659,-124.151583,
40.855694,-124.066898,
40.825486,-124.049485,
40.459048,-123.673177,
41.012258,-123.387964,
40.726752,-124.217378,Connell Organics
40.578828,-124.136869,
40.080405,-123.783948,
40.280389,-124.063670,
40.202543,-123.228609,
40.296412,-123.777178,
40.877330,-123.499144,
41.080058,-124.156283,
39.844682,-123.656929,
38.915869,-121.080284,Allen's Custom Meat
38.318624,-121.554752,
38.733145,-121.468174,
39.053461,-120.795632,
38.274451,-121.259201,
38.389030,-121.500428,
38.922812,-121.312005,
38.809175,-121.171375,
38.549228,-121.278598,
38.801290,-121.037936,
38.523861,-120.376629,
38.689241,-121.459014,
38.544700,-120.740500,
38.434483,-120.761659,
38.399281,-121.210116,
38.436774,-120.857624,
39.269964,-120.677611,
39.144526,-120.852575,
38.766610,-120.223931,
38.840282,-120.150225,
39.038809,-120.977530,
38.577783,-121.201788,
38.747526,-121.180092,
38.685087,-121.063769,
38.698614,-121.699262,
38.517585,-121.440739,Wienerschnitzel,99 Cents Only Stores,Paletalandia South Sacramento,Yee Choong Restaurant,The Spot,Discount Cigarettes & Cigars,Blvd,Universal Wholesale
38.591897,-121.408467,
38.556129,-121.324257,Healthwise
38.493966,-121.529188,
38.619049,-121.517552,
38.645723,-121.445254,
38.660370,-121.347394,Walgreens,Chipotle Mexican Grill,Burger King,McDonald's,Wienerschnitzel,El Pollo Loco,7-Eleven,Stop N Shop,HOA VIET,Capital Cookery,Mediterranean Sea Market and Deli
39.016702,-122.062143,
40.133728,-121.092693,
39.484108,-121.192649,
38.885244,-121.999039,
39.604713,-121.795288,
40.174567,-120.819768,
39.339264,-121.770785,
39.259022,-121.776826,
39.838288,-121.134235,
39.347811,-120.918728,
39.403217,-121.034486,
39.040305,-121.560484,
39.736308,-122.259338,
39.716846,-121.646180,
39.224354,-121.151625,
39.172726,-121.805819,
39.105127,-122.283003,
39.491654,-122.262080,
38.994187,-121.594591,
40.704869,-122.120038,
41.056040,-121.020802,
39.923446,-122.270806,
40.546631,-122.880891,
41.006417,-121.480741,
41.609516,-122.963525,
41.544675,-122.934665,
41.687905,-123.483269,
40.793535,-121.438607,
40.471076,-122.660955,
41.924160,-123.260782,
41.034706,-122.791321,
39.805588,-120.665978,
40.164393,-120.380042,
40.270731,-121.039461,
36.624716,-121.646487,
37.114335,-122.237162,
37.344482,-121.883535,Rotten Robbie,Sunnyvale Seafood,Lus America Foods Inc,Danny Thomas Party Rentals,T & L Market,Gold Mart,Candi's Catering,Willow Market,Sunshine Party Rentals,Sao Bistro & Cafe,Roman Pepes Foods
37.949421,-121.157283,
38.161669,-120.368144,
37.925763,-121.528026,
37.714260,-120.081389,
37.825598,-121.005157,
37.394536,-120.890747,
37.452895,-121.229974,
39.015251,-123.370756,
38.731694,-122.906767,
38.421934,-123.063911,
39.390917,-123.052841,
40.959368,-124.051236,
40.322772,-123.920622,Weott Community Services Distribution
40.123177,-123.446279,
38.990030,-121.114408,
38.603602,-120.857030,
38.687045,-121.857077,
38.474099,-121.443454,
39.449794,-121.936372,
39.379346,-121.192310,
40.973657,-121.692399,
40.933200,-122.382788,
39.602711,-120.636150,
36.525870,-121.396735,
37.931846,-122.507738,
37.393491,-121.964670,INDEPENDENT EXECUTIVE MARKETING Melaleuca(Espanol/English)
36.946256,-121.756479,
38.002125,-121.324979,
38.231324,-120.322688,
39.045931,-122.941077,
40.921430,-123.815266,
40.183681,-123.745046,
38.543211,-121.681500,
38.734513,-122.025346,
38.325248,-120.955787,
38.662983,-121.401113,
38.670649,-121.525983,
39.665539,-121.351955,
39.432882,-121.261143,
39.043447,-121.918099,
39.060921,-121.827155,
39.344757,-121.264517,
39.891624,-121.841982,
41.051216,-121.984492,
40.588772,-123.434201,
41.022721,-120.523987,
40.551757,-120.675673,
39.254453,-120.022185,
38.762986,-120.087069,
34.768503,-119.030293,
37.861625,-120.480322,
37.991289,-120.262791,
38.489544,-121.323454,
40.751937,-122.230678,
40.894269,-121.507020,
40.397960,-121.298528,
40.619998,-122.643642,
40.019715,-120.099183,
37.671978,-121.007405,
38.511992,-121.096261,
39.226549,-120.767022,
39.301229,-121.337929,
41.326646,-122.773654,
41.076875,-122.253652,
39.483479,-120.037661,
37.357489,-122.144437,
37.387111,-121.897417,
38.715463,-121.363422,Domino's Pizza,Swallow Tail Farms,Circle K
40.040955,-121.122652,
41.607100,-122.545715,
41.452711,-120.538460,
38.501363,-123.170879,
40.055796,-123.969269,
39.082497,-121.680114,
38.103234,-122.249096,
39.046931,-121.403091,
